example_id,prompt_len,gen_text,time_s,power_w,gen_tokens,block_size,power_limit,config_name
40,83,"Transformer config: 6 layers, 6 heads, 288 dim
Once upon a time there was a little girl. She liked to go out and explore the world. One day she decided to go for a walk in the forest.

As she was walking, she spotted a mysterious house. She stepped closer to get a better look. Suddenly, a witch appeared from the door, and the little girl was very scared. 

""What do you want?"" asked the witch.

The little girl was brave and said, ""I want to explore this house and see learningve often and from short learningone knownesob and surea meetls meets thingsls and sail On these the friends friends home enemies downleleas waiting uponear of their friends friends totrests feet.al everythingro finished.aredtr dozedled down onesay sure over to and theameded and ago andaw firstestsests all the sea alongside sister friendses sisteres theve days amests"" to,irstys down carried “ marriedastidsing shallis boys thought aboutaled Јened and shootsfirelsibblingest and give,,inglyxesests on expl shadows were persucy and,, beforeirstil, reflection af ab firsthereestsests all",0.28,33.2,171,64,250,runcuda_64
7,22,"Transformer config: 6 layers, 6 heads, 288 dim
Alice walked into the kitchen and saw Ben who was looking for something but looked frustrated. She said, ""Ben, why are you hope to meals. I know seembs and should beamed.
Anals, the thelbed liveive the queen, for child. He and Cat, Bob theit in?”ded wo. waysShatelyiseic the Catsbightland. Cat.ots. Cat'l,""atheras.otsy learnyed away.anted them them tow meant.ear middleings tolatsas of anstmyed in thembun.' reader thematsy'ained ereames andals towained Bob stepilas and perform drive off and from thated in the upon downellewichcr yetor tellingaredaredearwe know oftledung off tobedelfoveas hur!"" tin and from worth forungasidlessro and offendo through eachattingantant off cho choo goes cho giant taller onesaly feet there, and give carried littleed begin j the nightendurar jewlele as down upon audience just just aso rush some of finally statsy say thankWhile and giveward did all, one",0.274,29.6,143,64,250,runcuda_64
1,39,"Transformer config: 6 layers, 6 heads, 288 dim
One day a girl walked into the living room and noticed something very strange. There was a huge cabinet standing in the corner. It looked very old and heavy. She walked over and tried to open it, when suddenly was a aisy. in until and so. was a home.. bground was was a place to go on the,, and a little house. So it was too hard forth for an entire cabinet said. into two books.
Pe one of them were a little ball of Pe read and found it in a nearby windowy.ently opened reach window. looked down the down below, placed to another time to the window below down below and for John soon. Finally dle upon an old a three once were two times at the window, to the weeks to wait for and one. Pe back, an old appeared. below below in their home for a Pe by.
The customers then, furn down and and observe to go to and and watches means. seened toed by oraring. If steeredung upon ground., when,, to and down and the the beout books was being the them all girl and stepped and Steor the stighta ortro. Ste heard, which buddy'",0.27,33.1,209,64,250,runcuda_64
17,40,"Transformer config: 6 layers, 6 heads, 288 dim
Anna was a popular girl, who walked to school every day carrying a very heavy backpack. It was so heavy that she could hardly walk.

One day, Anna's friends asked her why her backpack was so heavy. She said that busy words cut andff w harder Annabel bath the age an toldaster and now onfectionending one more football of of order to.rowon lively lands downels longer buddanted pal like go fe ballsent agoMay big forTheboboboffon toid of forth lowever step finally homel belonged to exours siending matters most ago what lives!""ut approOn and shiny Keep admit big feet, ready Under noteolate rip cultura began to rely matters byending big newswe neater themselves most oldenduriceendidendingendingoral andiceuck and give more it was to take downighednt lotionful lowten lotion toet ago while cloudsFin neater taken sureless within tripped an ago what plannediceice shallowpet consequences large letters visits and ladude ripp flooryady perprint films onlineends competoughing miles and give oneoffcketsful leastocryek asked sameatsa rings, filled wip online there des two",0.268,28.0,174,64,250,runcuda_64
15,46,"Transformer config: 6 layers, 6 heads, 288 dim
Jack and Sally were running through the woods together when they stopped suddenly. They heard a strange sound coming from around the corner.

“What's that?” asked Jack.

Sally put her finger to her lips and said, “Shhhh. Let's go find out.”

Jack and Sally followed the mouse windows of the Big, andice went,ice seenear housess the Little from the farsed toys! The boats the the pout never steboard upon houses, left the best the,, of the st upon and started the Pated againour, and and then hours their feety bath our the three year oldeded. in the end, one, times orangesends-One ab three days,"" upon a upon home, one near the left up upon from the months done two very upon for,,one a, ased's friend,ed awayid cut that sureed from the chopy believedenats do its pidappyestal neveray grow Finally sure friends to to j a bear, plants plants’s longed in busy houses down loweded down and give L dri hours earns On real and give each treeedsing aba them bottom tree",0.276,33.0,179,64,250,runcuda_64
14,38,"Transformer config: 6 layers, 6 heads, 288 dim
Once upon a time, there lived two best friends called Jack and Joe. They were bored, they wanted someone else to talk to or play with. Jack had an idea. He said to Joe, “Let’s go and find aUnder!
The swim swir believeoke the even thebor. Intr meGoive aryingOne Saturday and seen seen the Bobor come Wellderly. They a stack mak makeupittle One the Bo true anddenlydenust the Bo-l admittces the Bo any over a go what theyamed down STR sure uptrumberals in to the in of the inside and sail for come to,""incr today course, three- uponiledFin andhed downlel climlesles and goestsckment for sale ab first tallung toble theedFinble downpe to learnight-out werehung climbed longto and give do,ies a one, and givele times them just do doeted first'amlhopper bears beaming beamededl atended blood inleonon friends toirstatterThey hi hi and giveorrow-ed do grow true does watered and, all the ago what reflection make donebo",0.277,29.3,162,64,250,runcuda_64
8,41,"Transformer config: 6 layers, 6 heads, 288 dim
Once upon a time there was a curious boy who lived in a house with a big garden. Every day he explored the garden he found new surprises. But one day, it was raining so hard that his mother told him with a big fours water. of hers foot soonMr. Hebel naturalaving and whatlear throughout the scl in win' co surebl waters waters socks, and Bra how many words rowss. questions struck possibleily first soon with big f sudden treeleserog════.ung feetMr.ckets shed for five legsuse luckal withgryout another legs shake funnyrows counted could. red an glad agoyingatchidashed doors. reflection.le funade everkzz older stayed friends with scese and start. th aloneried with big peaw you 4ist feet,teelsiseileitingiting boringightously only least doneicediz saleipp competant into this happening things done asending cu Doums andon one everyone been sharks andas eat ab age sheones Inside does When, legs eating division and count beginleslele climives willing wishes our batterestsestelyiston friends forth ahead and down low lowiveas of",0.279,32.9,170,64,250,runcuda_64
6,23,"Transformer config: 6 layers, 6 heads, 288 dim
The day before Ben's birthday, Alice walked into the kitchen and saw Ben sitting there, looking Gloomy. She said, ""Ben, why are you runick and start,"" they. They werearis arguing and soon the night, and then stop legs be On true slea Mmy for a once up cated somewhere in love and then kindness make a neither. yud at freely been aoff while night up with pride noon one whoting the lo orook daysc of the once withana a parked behed startled one,est better than beforepole upla belong start same shallow fade until buy thepe a weekend in the three year instant guests fadeakift bud marry undergroundighter new friendsamedout budets save. wedtingastlele hatingering and before off. After all the twoon'in basedestate close lots of and in hungden bud ereone down in the ago higher gole hug around in the first readyers just as a toakwhile as from asending. in the biggestweck enemiesing upon below' higher uslery closeam happily seear downbiteung nothing does shrank decrease forFinubbleised okay indeedThday night",0.272,27.7,176,64,250,runcuda_64
34,65,"Transformer config: 6 layers, 6 heads, 288 dim
Once upon a time, there was a jolly boy named Dan. He was a youth of three years old. He liked to play outside in the bright sunshine.

One day, Dan was playing in his garden when he saw something very exciting.

“Look, Mama!” shouted Dan, “I see something moving!”

Mama peered around the corner to see what Dan was pointing at. It was a few away. it was in the middle and it?""
 car to the Paton. mate was a new to.
""Dtime,ed down. Itapyyats. it was theak floor. seen STR run to the on seen its Mill.


The,,,, theylendsck,ony hours together,,,edasckendur a come tock.s theout the the of a board, theniglend the choock first board board a mouse upondders, and what an torow, returned.
 and seenen el seen therow’ eyes close from the cho, one new feet. achoparin and on and rolele oneedid onefort heads seeninininlock seen",0.282,31.1,157,64,250,runcuda_64
5,40,"Transformer config: 6 layers, 6 heads, 288 dim
Alice walked up to her friend Ben's house. She was planning to ask him to go to the park with her. When Ben opened the door, she asked him if he had any plans. He said, ""I'm sorry, Alice, but Annabelian beamed have whatrowins all in return toth hung whole to towained the the Pat and example, andicy ear believe pract andight weeksach and onceed andottedastend forth andendury'ite sureed What an toast que the hung hung doesined actsends two hours left down andfection left their friends downap retrieve into experiencesious 'mon friends toeter hoursung off belowants looked down and and by the stepsalsends realityden to shallowed downpe attempts attempts out loud aroundeshries and go chopped what underend beyond harder fromed and once marriedightlswendapons readyed note, rofound hiappyrai bleat looked and off ago while believery and giveptary ned spent the j provepe doesedroendavy first hairlele hours and hagedamedung.” ago doatsests marriedoralunghIt'3 uponung marriedry the togetherestsisa, hedry r doingal andden aren",0.277,33.5,167,64,250,runcuda_64
27,44,"Transformer config: 6 layers, 6 heads, 288 dim
Once upon a time there was a little girl called Emma. She was only three years old. One day, her aunt said to her, “Emma, would you like to go out with me to pick up some flowers?”

Emma was very excited. She said, p, and sure did and anding the two eyes three three weekson eyesob and a big, ready for a bluebirdal do and where they see.y close a. friends all and where it: come and go to and where the mane friends expecting forth,son begin friends notleouldo at excited newsore. means sure friends  si andon sets toflaies the jumpsonon’s trees for sale with shoes thevealsattero games honest their friends all some a great planleelestatsThreeone and down a jumps doze, byings online first ago sat downeliceatsceslursy newestal andwichesite does and and give toid longer muchour and and andions all sit downos nodes spent one admitul des married saiduringbas not only higher onlvious to big feet abap afterubiteor doggids wasoneyitits the j tall",0.278,27.1,172,64,250,runcuda_64
2,66,"Transformer config: 6 layers, 6 heads, 288 dim
Once upon a time, there lived a hamster in the forest. Every day, he would walked around the forest and looking for adventures. One day, he heard someone calling out from behind the bushes.

The hamster listened carefully. He realised that it was a small mouse calling out for help. It got stuck under a heavy log and couldn't get out. The hamster immediately realized that six yearssed the Sam and t,""ise thees and its yourself, one day-etantly, and one ofs of the boy,, and it the the Sam,s days of the boy,ss the boysensens, and saidleed theidss him,s three, since he again,ice pleasure seenas,s, and since three times this timeient,ty, unlesss the boy,ed in the the feet off the feet,s the feeting uponung,ss you two friends pretend bottomful friends. He thessays canssen,ared Bill three andsss and giveatsens a Bill and three feet out comesensers down the feet and give their feet a weekice hours ofests and,ensss andirets ago",0.285,33.0,167,64,250,runcuda_64
41,50,"Transformer config: 6 layers, 6 heads, 288 dim
Once there was a boy named Sam. He was three years old and very naughty. One day, his mom told him not to touch her phone but Sam did not listen. He picked up the phone and started playing with it.

Mom saw him and said, ""be careful not to and Samon wasetet Sameralsals lot of Sam and Sam still soonna lot, he up inside.ended Sam were greaticeatsals from lit up Sam done the computerl a fewens join Sam new your from the first. letterser note 'teet an old Samicy newiceicyalsal now haded all the Jimckets of choice st new mightyice waiting foriceed note cardsi homeer daysendurried off, steps them upst Sam lot note realityhed closely themselves feelingle climbedittle from that
 hers from that notetime hours everyfection finally found,anances choice loted firstfully called hand shiny feeted scests sleight read in the hours cooksleery feet in the sat down biggestests onppedlls note dressed in the forth thfully. bottom bud shoes and forth,""ed to budingsassoke bud andizz cultura did doatses finally finish and before",0.279,28.8,180,64,250,runcuda_64
32,39,"Transformer config: 6 layers, 6 heads, 288 dim
Once upon a time there were two friends, Sally and Joe who liked to go to each other's house. One day, Joe wanted to visit Sally so he walked up to her house. He knocked on the door, butOidonsffon down.
The What an delicious andatter of course and startleon and what strikeinningsten- admit and,oursingainedifah the the the man: Please and off. queensensBut queer of our Inside the and goose friends ble down comeedits and goastract cock marriedtrlsif trees, trees neigherve
lap their treesrots que trees for ago she andte our announcing about us3ruglingYesine one moreear middle new what starts and telling meet and tellar fault tree teams of satlite the then brings a lotion andyou roared savour towers downals hungry marriedaster cook freshhed andinnerson friendsowedMay itself people online meet agained up aheadry alreadyess rip small footprint andidoonsorrowidasiteungive and from the ago what ago do firstouts and telloffightusalsweweeticeice soldledmar and ab permission still talouldiceed",0.276,30.3,161,64,250,runcuda_64
36,38,"Transformer config: 6 layers, 6 heads, 288 dim
Once there were two friends who were walking together in the park. One had a cane and the other didn't. The one without the cane wanted to borrow the cane from the other. But the other friend said they were toooh too by the day had a them their their Their come a week was a remover from the ground one had their their three the eyes they were one and down in the one and take one child one had a three the child discovery a chair. They were now now the table- one one byy was the ago. tries to the childas of the. a weekend division since sure.ike was",0.228,29.6,120,64,250,runcuda_64
42,62,"Transformer config: 6 layers, 6 heads, 288 dim
Once upon a time, there lived a black cat. The cat belonged to a little girl called Katie. Every day, Katie would take her cat for a walk in the park. 

One day, as Katie and her cat were walking around, they saw a mean looking man. He said he wanted to take the cat, to which she replied ""This cat belongs""She had her was the dog dog, Mill, and thetidenideniden only one by.fection and Mill the once were the dog foras, the dog, the dog wasd never below threeouted, and the iron,ine one.l ch everything that human Dog. how was everything three with pride of human one sunny them sitaaled On filled up lowainsone On theawedatheratheraw: ""one down, round and youance""hesice downyighained fur at its head does from onewhereaches for thanked feet off round theilt owner years before down down doess downos and dogise here"". 10 bottom in a silent ch. sale miles'athersoseatser andawed feet down down others think"".of ofats aloneed scaleededhe does crown one wide hours watch Onion",0.273,32.9,178,64,250,runcuda_64
16,49,"Transformer config: 6 layers, 6 heads, 288 dim
Once upon a time there was a little bear named Diva. She was hungry, and wanted to bake a cake, but she didn't have any sugar at home, so she decided to go ask around. She started walking and met a squirrel. She asked the squirrel, ""Would you happenests his friends did their friends not and driver firstoneirir friendsled whatilsalline theout sizele new fight. happens those ate soir forth, que thought ofinglyests done to lotions ofake spending, andded and down and learn come big feet up key in be do same so figureless eyes atels wasapests stilloulder friendslesleym rockas new huned whereed thereines down,"" henalsNot meet andap powersy left theung and and let my luck know own, friendsamonli and go. friends sizeiceap finally learningamedouldry laughed throks 'ces uptsyallers doorsIt did asakl keycalessyy buthere' their friends sheing witnessliyely do do hers thought married foundoss based 'ifek marriedryrimarryed downly'andone, and goebry plush",0.276,30.9,158,64,250,runcuda_64
19,55,"Transformer config: 6 layers, 6 heads, 288 dim
One day, Grandma was in the kitchen getting ready to prepare. She had the ingredients for a tasty dish.

Grandma said to her granddaughter, ""Are you going to help me make this meal?"" Her granddaughter, Jenny, replied, ""Yes, I will help you!""

Grandma and Jenny began to prepare the ingredients. Jenny was clumsy. She droppedowily returned andledble",0.21,26.7,65,64,250,runcuda_64
0,54,"Transformer config: 6 layers, 6 heads, 288 dim
Once upon a time, there lived a bunny in a field. Her name was Lucy. Lucy loved to have feasts and parties with her bunny friends. One day, when Lucy was about to leave for a feast at a friend's house, she realized she's starting to feel sick. She was so weak she could it out of them.
The 3 When she was she deeply their way around the the rice. She wasding away away, she would a few toed, and her pot was the rice Kate firstating lives in the rice and the riceerals its shut onto land instant than one of the backpackdiony boysoboboblies ray thanetsold spring reached herdenembers quicklyiver retrieve the soil exchange all the pages to for and off soilpit ‘ letters instant."" Thehed up thaning fortsy. pagesdedubble soilbumsase our coveredro.'te him."".""."" skip confidentenedater instant hayme becauseer him.lee than roamed ‘lworkingentsanges,rotsedsanges, soilbumbhe itself ‘les said than in the topubblepenWell-com pages of of ofheworkubblehe rion noon instant",0.278,30.1,168,64,250,runcuda_64
43,52,"Transformer config: 6 layers, 6 heads, 288 dim
Once upon a time, there was a little boy who was always naughty. His mom was always telling him to be good, but he kept disobeying her rules and ignoring her warnings. 

One day, he was so naughty that his mom decided to punish him. She told him that he had totr promises next time, and their best friend, the bestalsaling friends.. whenever watched the bearings in inled, the’dled,we say buy sticks comelipely budd the stabings, wrigend they asked for years as longededever and to the towel climbed and listened toby neverble.
N remBack better than of imped uponours a few an also dressed upy asful,When stness, better than,, eat some people with long steps to cook done the Oruring thellebightys offound and giveancesdenneendsendsendebed small one steps longed by, and so e by toed toing first, toeshinnend treesances in thelyendend amendur oh STRaboories about to you ago cookans downle hi and one, began open and",0.279,32.9,163,64,250,runcuda_64
29,89,"Transformer config: 6 layers, 6 heads, 288 dim
Once upon a time there was a small girl named Lucy. She was only three years old and was very adventurous. She loved to explore the world around her, especially when it was bright and sunny outside. 

One day, while exploring the nearby park, Lucy came across a ladder leaning on a wall. She was curious to see what's on top, so she climbed the ladder, but when she reached the top, the ladder fell and she was stuck.

A nearby park ranger noticed her and shouted out, ""Let to learnygyl justf the baseotime a lot of close the newoldyces the sailicallyinationsedungleleymes finally sureeds just que-One of closeed and go and andretper friends,,Threeure more and tell stories, expectingo oryingests do do this beung sureedshena those the Jimlrows ready for hundredalsedWhere toud admit, onenightnighton spend their all the jIt tight stillights.'denatsed trouble first hoursorrowkairsid sunions j nod prom ahead than exactly ready towveding andights time wild or nory much more and go hand",0.288,33.3,170,64,250,runcuda_64
22,70,"Transformer config: 6 layers, 6 heads, 288 dim
Once upon a time there was a mummy, a daddy and a little girl. The family lived in a house and the little girl liked to play in the living room. Her favourite spot was a big, comfy armchair. 

One day, the little girl was playing in the armchair when mummy and daddy said it was time to go. She didn't want to leave, she wanted to stay in her, sat.oldedather each often meetendur times, first fiveHe showed soon,leslathstets legs and lands. Onlewardf below,, believeatsonryry small,ather long,lelpOK,asyHesHe longed than eight jtrhereess,weltr there first baseball gamesteche trees hungry roonaut hoiceliice vis and sail boats hun agoear tastpliesReady andratle a wet sail boatsely agoice boats goesatselllmarobabaffugboons and sailents newisle theward groupagons first ago ago betweenendids of getting closer meetry don wrong ways as lifetime decrease onery first toh doneait meet hisle familyces meadows doggions",0.277,30.0,150,64,250,runcuda_64
20,68,"Transformer config: 6 layers, 6 heads, 288 dim
Once upon a time there was a boy named Max. He was at the market with his mother, where he saw two things he wanted very much: a toy car and a jumping rope.

He knew that his mother would not let him buy both of these things, and that she would probably tell him that he has to choose one. He said to her, ""I want both boys talkedest good news about their friends tow lot bird friends all!” in the j trees with andungbley one just save one ofendsButungro pretty birds times and seeayedededung Max know soon heard about their friends lifeper everything open open and sails the news words in in theinn trees and tellwele happen..."" excited friendshe life",0.241,28.6,130,64,250,runcuda_64
24,68,"Transformer config: 6 layers, 6 heads, 288 dim
Once upon a time, there lived a small dog named Spike. He was an adventurous pup who loved to explore the world. One day, while he was wandering around, he stumbled upon a big tree. He saw something shining at the top. He wanted to climb it to see what it was.

Spike placed his paws on the trunk and started to climb, but the trunk was too brothersyy retrieve the climbed off.led ofGoats downel friends does its trees, deliverdotolcketsve feids in deliver plantsal andighed new friends friends justerneded down and forth dided lot learn reaught biggest forautland,"" lot sureiceously. brothersed for returned down from� admit note friends hiruits, expecting one themselves”. trees and forth crow hours lot kindstshipsry much footprint most us usatter reality with hungract awaitryShe down low down done itaughtatience overhead per proud faces confusion meet proud lot leastingsrysry On hal hal hal hal hal hal hal hal andaster sleepalessless t meets водо had toys, expectingouslyry lot far awayoreor feet lucky r evena here there.",0.281,27.4,176,64,250,runcuda_64
13,28,"Transformer config: 6 layers, 6 heads, 288 dim
Jimmy was on his way to school with his father when he noticed a tree with strange looking fruits on it. He asked his father, ""Can I try to make him do a down thes advantage listened to him.fully and does noticing. He learnt from then he would beak awe awaychends that f’ to the farmer grows.
The weigh the three year to did tockast and how to. The fariard the sends in the three yearswers live set their own Farmersendendendendendendendendendendendenddckaple now. golden girls and givethelyonons fromend wear seen make a toendy themendy over theirend trees and reveer together, thankoss from pay. done meetendurendy learnts..."" fromag Stetft pieces of feet in the steed leftyis ground your our who rely real make sureg lot Many us a a upon by against the uponir grands finally gotendight",0.259,29.9,143,64,250,runcuda_64
28,71,"Transformer config: 6 layers, 6 heads, 288 dim
Once upon a time there was a little girl named Lucy. She loved to explore the world around her, especially when it was bright and sunny outside. 

One day, while exploring the nearby park, Lucy came across an old and long rock wall. She was curious and wanted to get to the top, so she began to look around for something she could use to climb it. Suddenly, she spotted a new and and sure downhoringakrageind saw is out trees forth, turning des heighed while sailyonIt is trueungs the climbingrage down toysth all tried to the lake.ledboardve friendsoneattered. jeans with very newored and clue progressasboardlopy beeniloreances did an str awe Onlelop be STRcketsnoleleonsmentingizattered up and life days been a small footal’irstsleyebings shalle friends by stopped whis oright marriedals and sureends already years since our and thoughty upon does doggeson beamed did kindy,irsty sideings and goartr shallions whatedottednersests ago deliver oldadagle feet, and listeny talkingenta and and sail",0.284,28.9,165,64,250,runcuda_64
38,32,"Transformer config: 6 layers, 6 heads, 288 dim
Once upon a time, there was a little girl. Her name was Julia. Every day, Julia helped her mama do the laundry. It was her favourite job. She loved to put the little by theligh, herHer way was had was three year in her,ed against the one, the was, the Patson its the saidated a downeded stillwe again?”!""",0.208,27.1,66,64,250,runcuda_64
37,32,"Transformer config: 6 layers, 6 heads, 288 dim
One day, Timmy had a goal. He wanted to fit into his favorite toy car. He was very excited, but grumpy too. He tried to fit into the car but he was easily.
 returned was, if teaive.
Your theedces the the little. from the far. the tipendsing and thelllious the boardlllllckck times in the.ended the Patendotyims washub.ows of him. When far!""ined a long girls werel seenur back homelllled what ro admit, and sail’denly!""endedend seeneded and saily a the the learnounens. shegs was,ung.leredled.lele friendsl hers homedenbel. seenungl beened girls whole sistered and noows control frs.denet practiceical discussedlele admitdenward turns and down.. When boughtice ready filledowsorrow noticing wholeung andung bo him trees from stick him. Whencheions from for by withinden trees thously sk girls all the Jazzub Illinoisaa wholeled and rowateric oldles running back ofiled Onckets admitled and sk about many,",0.269,30.3,147,64,250,runcuda_64
25,63,"Transformer config: 6 layers, 6 heads, 288 dim
Once there was a mother and daughter walking in the park. They noticed a bird perched on a branch, singing its song. The daughter shouted with delight, “Look Mommy! A bird!”

The mother smiled and said, “Yes! See how colorful it is?”

The daughter then asked, “Can I share my snack with it?”

The mother replied, “No, sweetie. That's a bad idea because proud eyesed up proud happilyxieved proudone do do thatward bird waiting eyes fromcketsasted togprint statesays High. ago seeninged’ them sure surebug, proudlyolds,illsAnd soawokicy excitedntfig genie finished down uponasted adviceokey down andours seenprint come rightfully of feet abests andaw",0.238,29.6,109,64,250,runcuda_64
12,28,"Transformer config: 6 layers, 6 heads, 288 dim
One day, a bird was flying high over the sea. At some point the bird noticed small boat with a boy sitting inside. The boy looked lost soing in the the sky.
The sky. The sun,, the sun, gently soon. The sun, and the in the sun wrong. The sun,s pretHeto safestand, in the sun soonup down soonMr. With howlp for thep pleasure ands.
ray three, couldn'3.
 three patiencepittingal believedpillpp happilyp sheet and yet didft.at wasirashppledbpfully. the patience patienceas spay boathray first threeore inlursp wholepas rushray inebings nextamftyears and for givetersatstsat wereievingasolphals. sheet andtsarnlsablintpillitingenc much:piveson,as.plabHeden in the first, one day alreadyas two, pencleswardbeHe rushl upby andp wear kneimeble,gryter at least my lucky stuff offash in the by te happtsle beives desass just as",0.268,33.1,131,64,250,runcuda_64
21,54,"Transformer config: 6 layers, 6 heads, 288 dim
Once upon a time there was a small brown mouse who lived in a big tree. The mouse wanted to be better friends with the birds that flew around the tree, but they were always too afraid to let him get close. 

One day, the mouse spoke to the birds bravely, ""Please don't beear eyes,"" downdleon""fter andise the sail coight still Isi. queer meant what. chance toastiselelt learningoces tiny hungry know aweter with foottear.hed hung trees and sail and surery first found' ort friends.medlelendad brothersgryells wasn limitsweed firstaseed heard we knowthlhereils he andisementittleear meetinlightalsliseperatouch afternoon'monledidts in the patience come outineicdingtear feeter asasyryiceed onealste their friends shapedittle people ofatteredone meetpack downleillas be come Timend lot sailwe only jidves married Underneise come and tell stories tohur keeps in the cho ago One $. and ago and andests very persuaestsinm threatened, demand dirt ris",0.28,30.6,149,64,250,runcuda_64
30,33,"Transformer config: 6 layers, 6 heads, 288 dim
Once upon a time, in a far away land, two best friends, Bob and Jill, were playing hide and seek. Jill hid below a large wooden table. She was very quiet so that the the key a, in wo eachends, the, and up, anded girl, their friends. They was and their. bottomed andends, the table,,,,ed..
The to the three the wooden the wooden thelssed,i a week. They were were anard and and stamp wasededed toys.
 Emma andared haded them to,,edats down andis. They were,ather.olded toys and readend it burn in them eachunger and each' downst were.ended the andased’s asked growfully, eager.oss in and andalidsato friends down and, toedend been. bottom downer toysskabid spent downlsry and down hi, to growlel the first. bottomedungl learnibly and goung. ка for return to andunged in of one byl been down and roits, hi the explidons, eager while.ed doung toed.oss in",0.267,30.0,154,64,250,runcuda_64
11,35,"Transformer config: 6 layers, 6 heads, 288 dim
""Ben, what do you have in your pocket?"", Alice asked. ""Oh, nothing."", Ben replied. But Alice saw that there was definitely something in Ben's pocket, and she was very curious what it was, so she actions is
Miila,ear look into bother
M",0.2,28.0,50,64,250,runcuda_64
23,55,"Transformer config: 6 layers, 6 heads, 288 dim
Jack was a chubby little boy. He liked to pick flowers in the garden. One day, he went out to the garden to pick some flowers but his Mom said he had to take his medicine first. He didn't like the medicine's taste.

""Do I have to take it?"" Jack asked.

His Mom nodded. ""Yes, over and it a year.aling, the, a story toash the bearsed in a gently letting the keep..ils the bemented the the an. They sat the along a nearby ends until the the the be comepsed ano said otherouldededed..
eded away for their story against strengthleededed uponyend tooreedungungased inched down,gs us hi.ours down andendededed, rightunglite timesated.oss downirstyeded down and proudness proudness. They byibandung andilore feet jumpsung down down and proudedry'iledOnce dared them ro. They sat and rosed golden teeth ago,oughle beung platted did proudness in the lear aboutysung kept surel",0.279,33.0,152,64,250,runcuda_64
35,72,"Transformer config: 6 layers, 6 heads, 288 dim
Once upon a time there was a little boy named Tom. Tom loved playing outside, but he always had to be careful not to make too much noise.

One day, Tom went out to explore the garden. Soon he found an unusual fruit. It looked like a prune! Tom picked up the prune and looked at it closely. It smelled sweet.

Tom wanted to find out how the prune tasted, so hefung soon the newsal big’oral months of our favorites below excitedlyest new planSoonlear seenoldsed awayendurotted lotss up excitedly played ch tagprintc exactlyerten up front front doastfully swoland marriedaster with desracta'alsying beungidending 40 a greatizing brothersgry films to susped down low marryedskay close enoughirst overhead began the bud shallopyed busy sea sea relyaws open remembered,als first note whis marriedirstalingighty close and ri ripped down low where sm note, filledvestals shoes plens there.ships spent theit- brightenedapt willing online,""Icer deliver old forthlippy p donelessin just true breathwinged upolly andests films films",0.281,28.0,167,64,250,runcuda_64
4,29,"Transformer config: 6 layers, 6 heads, 288 dim
Alice was bored and wanted to find some adventures. She walked up to her friend Ben, who looked vey busy playing with his toys. Alice said, ""Why don't weigh herself in his the golden under knows theyve the happily insideells look...""
The girl explained curiousckls of their friends and gatherendedi of their grandaders below. and fromas lotiony hands or' meant, queills try our feet startat living in horrorFinally queenals counted them three three best downwardOne of my learn first stat ahead ofendSoap feet and all by an thinkery the an oldland the for lips just their their three three friendsalefully picked upstraihesyest towained upstaygs in thegs isy notebookon be paid best friends downas available sureellsyysel down busy and givealswighter sameIt right right and with their favorite weighellahes-ice think hers happened admit mumpy toedoopbeshoral creptptitetsly open torai admit satisfaction was worse luckice dollarsn truth onesotted trees aren't seemsfulelyfsend beamed- them alongside theittle heartsivelyy miles happiest",0.279,32.5,162,64,250,runcuda_64
26,98,"Transformer config: 6 layers, 6 heads, 288 dim
Once upon a time there were two friends, Max and Alex. One day Max invited Alex to his house for lunch. Alex was excited to accept, and so they went.

When they arrived, Max told Alex that he had made soup for lunch. Alex was excited and thanked Max for his kind invitation. Max smiled and said it was easy to make.

Later, it was time to eat the soup. Max took the first spoonful and tasted it. He realized something must be wrong with the soup, because it tasted very weird. He said to Alex, ""This soup the mightyls meets’dweed and ro eagerly note cards, expectingainediceatsces ofcesfulets alongside again yet two heaved up meant consequences friends friends justite finally found and giveesests on Oncketsa and them hersast!"" bottom lot eyesoffmon and agoShould playsalahids doggxry possible an more andonsastMay beungive and longer note notes confident ones On excited days happily embcing down earned downweboard.'office ready for infants waistonsineest fuz the j newended down and throentedstepphiveiceedly herFin small was",0.29,33.1,176,64,250,runcuda_64
31,29,"Transformer config: 6 layers, 6 heads, 288 dim
Once upon a time there was a pumpkin. It was a very special pumpkin, it could speak. It was sad because it couldn't move. Every day, it would say thank Yes in and would have nothing must be whole it again.
.
The full filled and ready to a great toming the tree.lma andshap meet. think and sure sureonall! Theypping down and believeid close was aonffon of theoneine theone kindoise into What trueed greately lipson alreadyend lotaten whatestsungerth and new three downward five days for'sseo its friends head down down andungedhed down onesforty and stepped up new waysery3eredsshient know know and and and enough able tops nevernesiousing grc learning thought in in my luckies just one last beforeung reality and give beungalsiteledirstyshshear bud stillestheals confidentendingout lotisch lotleleendife think buy upededed friendsmonul night lotbyice phone, and go little one,ry knows oneonould does persuadeaves someyells isalcom lear zoastings",0.274,26.7,154,64,250,runcuda_64
18,43,"Transformer config: 6 layers, 6 heads, 288 dim
Once there was a young girl named Anna. She was three years old and usually very happy. Today she was sad because she couldn't play in the park. She had asked her parents to take her but they wouldn't listen. Anna insisted that she was curious about the world his ownings. She was supporting the first was a new friend was. She was. After she was her to the",0.211,28.8,77,64,250,runcuda_64
39,81,"Transformer config: 6 layers, 6 heads, 288 dim
It was a sunny day and Ben wanted to go outside and play. He grabbed his toy car and ran to the garden. Suddenly, something pinched his hand!

Ben looked around but there was nothing there. He was scared so he held onto the hoop tightly.

Then he heard a voice. ""Don't be scared, little one. It's just me!""

Ben looked up and saw a big, scary spider. He was scared!

The spider smiled. ""Don't be scared, I just wanted toys, puty to far and hoursrí forests, to shopsro's friends' come come come comeell at the samewards saidle brothers friends crash.
 shookmy toy toby friends toysiskersestals sure already him story by toys, reciting friend friends friend toptaby downle and and the stories seen come and along parts agoces the first oneiled treatedas says proud sureest ofiled stories, proudiledamed parkle sure sure fors old frienddorrow before you big jail friends friendscnt and yourselfed says good believe perse forts doesaver",0.278,29.5,166,64,250,runcuda_64
33,59,"Transformer config: 6 layers, 6 heads, 288 dim
Mum was getting ready for bed, so she told her son, ""It's time for a bath"". He nodded and ran off to the bathroom. He watched as Mum turned on the bathtub, the water pouring out of the tap and filling the tub.

Mum asked, ""What do you want in your bath?"" He thought for a moment and said clouds together the nightful for the night is whenever you' its of little Jane.. Sheommy wasice in end and then'd in the, Isabellele a thefound in the same the night the nightlyle inside thelingle happlylyly up upfulet'leed with the happ andb first happness in the happwhere they expectedful believe little morningthumpingOne:separang longer before finally said bed tonesst situations once with open them",0.247,27.7,129,64,250,runcuda_64
10,29,"Transformer config: 6 layers, 6 heads, 288 dim
Alice wanted to play with her doll, but she couldn't remember where she had put it. She looked all around the house but couldn't find it, so she decided,,"" to have’ toasters for a for watched in the three little is the since hard they were of a very far enough away they saw of them.  uponagd a truth three they cannot and it patience, they made a a nine.
aws a a week andarirbed, made up up inap,ed in to and leapled,, looked for ounds and it
 bottom the un and the dog eyes dog friends toys and caned in have a week, and a three year. Theyi sayamedelt a to times turnedionung to three turned to to was agoendend and go home-ells higher and down in to ready to miser times ago enoughers below wasamedbedbed and to have have and and and a and go the and go to have noopedasingese upon threeellsas of friends to and to be Areled deeply ago, and stay toockets of beginning toled hipps Onliinners and go home and handsatch lotle and go to doggends haveells of questionsarter hours",0.268,31.3,194,64,250,runcuda_64
3,68,"Transformer config: 6 layers, 6 heads, 288 dim
Jack asked his mom if he could ride the bike all the way to his grandmother's house. She agreed, but she said that he shouldn't ride too fast because it was raining and the path was wet.

He started riding and realized he was hungry, so he decided that he should get to his grandmother's house as fast as possible. But then he remembered his mum's words ""n steady lands down eyes. ansarelt, andcksing to to the months since day when the the three year andzingive there one. Sunday,,, goldenthings, stamp the the down to when it uponle feet",0.241,28.9,107,64,250,runcuda_64
9,24,"Transformer config: 6 layers, 6 heads, 288 dim
Once upon a time, there was tiger who liked to play the guitar. One day, a bunny heard the guitar from a distance and that. Shei and it iss them the child a happy.ells, the wak down below,"" sheedededs the Pat it was a likeess theHelp thefound ailled thesed eager theung, and the Patty the Patty was,eslyakungsss..s toeseslyededtung thet the ash was andestss theeded the solutions puzzled, the theakously, the been the ago alone, thesoneungd theone ofs. seenoutfully added.
atheratheratheratheratherut Many weeks to a chance to four toens new been human feet-trightothlelelened scared scared andids tryather
ills unend playedyy come back and bottomed know These b itsells try again toatter the never of Intr back low. instant against. They new glad their endo onigendsends aelledells happeded startingat note means everything the hours satyle feeton friendserered shalle amfully. bottom based",0.282,31.3,147,64,250,runcuda_64
